ТИК,УИК,Приняли участие в выборах,Явка,Путин Владимир Владимирович 
TIK-1,63,281,100%,78%
TIK-1,62,388,95%,67%
TIK-1,43,1757,84%,61%
TIK-1,31,1525,81%,59%
TIK-1,32,1257,75%,53%
TIK-1,34,1208,75%,57%
TIK-1,58,980,74%,55%
TIK-1,55,1025,72%,55%
TIK-1,28,882,71%,53%
TIK-1,16,1246,71%,46%
TIK-1,19,1064,68%,49%
TIK-1,15,1251,68%,48%
TIK-1,44,785,68%,47%
TIK-1,35,772,67%,47%
TIK-1,46,1162,67%,44%
TIK-1,56,1265,66%,50%
TIK-1,21,1100,66%,41%
TIK-1,37,627,66%,46%
TIK-1,26,702,66%,48%
TIK-1,45,1136,66%,47%
TIK-1,49,1190,66%,47%
TIK-1,25,1282,65%,46%
TIK-1,20,947,65%,43%
TIK-1,8,915,65%,46%
TIK-1,14,1267,65%,46%
TIK-1,52,1665,65%,44%
TIK-1,42,1091,65%,45%
TIK-1,9,845,64%,47%
TIK-1,3,1204,64%,46%
TIK-1,36,1074,64%,46%
TIK-1,48,630,63%,45%
TIK-1,30,853,63%,43%
TIK-1,22,997,63%,44%
TIK-1,47,1540,63%,44%
TIK-1,40,1142,63%,45%
TIK-1,41,597,63%,45%
TIK-1,23,748,63%,44%
TIK-1,6,881,62%,44%
TIK-1,60,590,62%,44%
TIK-1,51,921,62%,44%
TIK-1,27,840,62%,43%
TIK-1,57,1226,62%,41%
TIK-1,2,869,62%,44%
TIK-1,53,1179,62%,46%
TIK-1,4,584,62%,42%
TIK-1,54,1236,62%,45%
TIK-1,17,1017,61%,44%
TIK-1,5,1049,61%,42%
TIK-1,61,939,60%,47%
TIK-1,10,918,60%,43%
TIK-1,1,953,59%,43%
TIK-1,13,1046,59%,44%
TIK-1,24,876,59%,43%
TIK-1,38,985,59%,42%
TIK-1,7,1356,58%,40%
TIK-1,29,895,58%,41%
TIK-1,33,1297,57%,40%
TIK-1,39,1023,57%,39%
TIK-1,50,1275,57%,41%
TIK-1,18,784,55%,37%
TIK-1,11,1095,55%,37%
TIK-1,12,524,54%,38%
TIK-1,59,1029,50%,38%
TIK-10,203,549,76%,59%
TIK-10,231,1138,76%,55%
TIK-10,237,1274,75%,57%
TIK-10,213,1497,73%,56%
TIK-10,244,1344,73%,55%
TIK-10,210,1398,72%,53%
TIK-10,225,1298,72%,52%
TIK-10,235,1458,71%,55%
TIK-10,214,1479,71%,54%
TIK-10,238,1054,71%,54%
TIK-10,212,1455,71%,52%
TIK-10,233,1191,70%,54%
TIK-10,220,1304,70%,54%
TIK-10,205,1305,70%,53%
TIK-10,229,1438,70%,53%
TIK-10,201,1040,70%,53%
TIK-10,236,1285,70%,53%
TIK-10,232,1457,69%,50%
TIK-10,228,1255,69%,51%
TIK-10,242,1177,69%,50%
TIK-10,206,1171,69%,50%
TIK-10,209,1255,68%,53%
TIK-10,199,1233,67%,54%
TIK-10,226,1321,67%,51%
TIK-10,240,1069,66%,49%
TIK-10,207,882,66%,49%
TIK-10,202,1081,66%,52%
TIK-10,239,1504,66%,49%
TIK-10,211,1439,65%,49%
TIK-10,243,1291,65%,48%
TIK-10,222,1414,65%,49%
TIK-10,241,1176,65%,46%
TIK-10,200,1308,65%,50%
TIK-10,218,1329,64%,49%
TIK-10,223,982,63%,47%
TIK-10,216,1133,63%,47%
TIK-10,230,923,62%,47%
TIK-10,234,1100,62%,46%
TIK-10,221,975,62%,49%
TIK-10,215,1480,61%,45%
TIK-10,204,1134,61%,47%
TIK-10,224,919,60%,48%
TIK-10,217,1290,60%,44%
TIK-10,227,1272,59%,46%
TIK-10,208,1488,59%,44%
TIK-10,219,1141,53%,41%
TIK-11,508,933,97%,77%
TIK-11,509,3706,94%,78%
TIK-11,482,1910,86%,73%
TIK-11,507,437,86%,70%
TIK-11,479,1756,81%,58%
TIK-11,431,1373,80%,60%
TIK-11,444,1274,78%,63%
TIK-11,435,1263,78%,58%
TIK-11,432,1333,77%,55%
TIK-11,481,1806,75%,61%
TIK-11,414,1519,75%,49%
TIK-11,490,1433,74%,60%
TIK-11,430,1502,74%,55%
TIK-11,471,1486,74%,52%
TIK-11,487,1370,74%,60%
TIK-11,484,1523,74%,61%
TIK-11,426,1564,73%,56%
TIK-11,488,1233,73%,58%
TIK-11,420,1535,73%,56%
TIK-11,478,1695,73%,54%
TIK-11,446,1111,72%,56%
TIK-11,505,1886,72%,55%
TIK-11,427,1482,72%,56%
TIK-11,436,1385,72%,55%
TIK-11,429,1318,72%,52%
TIK-11,422,1530,72%,54%
TIK-11,486,1938,71%,53%
TIK-11,485,1446,71%,55%
TIK-11,450,1469,71%,56%
TIK-11,455,1428,71%,54%
TIK-11,476,878,71%,52%
TIK-11,442,1359,71%,54%
TIK-11,506,1817,71%,51%
TIK-11,473,1368,71%,55%
TIK-11,439,1435,71%,56%
TIK-11,492,1400,71%,56%
TIK-11,477,1863,70%,56%
TIK-11,425,1389,70%,53%
TIK-11,475,1550,70%,59%
TIK-11,443,1380,70%,53%
TIK-11,459,1614,70%,55%
TIK-11,497,1188,70%,53%
TIK-11,423,1313,70%,49%
TIK-11,440,1850,70%,53%
TIK-11,418,1385,70%,52%
TIK-11,428,1350,70%,54%
TIK-11,441,1562,69%,50%
TIK-11,470,1386,69%,54%
TIK-11,461,1606,69%,53%
TIK-11,445,1336,68%,49%
TIK-11,503,1779,68%,48%
TIK-11,480,1599,68%,55%
TIK-11,451,1277,67%,54%
TIK-11,438,1385,67%,48%
TIK-11,416,1717,67%,50%
TIK-11,496,1066,67%,49%
TIK-11,465,1168,66%,48%
TIK-11,489,1172,66%,50%
TIK-11,466,1392,66%,50%
TIK-11,494,1138,66%,51%
TIK-11,424,1399,65%,49%
TIK-11,467,1136,65%,49%
TIK-11,437,1103,65%,50%
TIK-11,491,1056,65%,50%
TIK-11,462,1056,65%,44%
TIK-11,447,1428,64%,51%
TIK-11,493,1302,64%,47%
TIK-11,472,1604,64%,49%
TIK-11,504,1575,64%,48%
TIK-11,415,1063,64%,46%
TIK-11,458,1594,64%,47%
TIK-11,460,1311,64%,48%
TIK-11,456,1404,63%,46%
TIK-11,417,1644,62%,46%
TIK-11,468,1102,62%,46%
TIK-11,502,1626,62%,46%
TIK-11,498,1243,62%,49%
TIK-11,448,1469,62%,45%
TIK-11,463,1236,61%,45%
TIK-11,469,1433,61%,47%
TIK-11,449,1412,60%,44%
TIK-11,419,1005,60%,42%
TIK-11,495,1421,60%,45%
TIK-11,434,1224,60%,43%
TIK-11,483,976,59%,47%
TIK-11,457,1287,59%,43%
TIK-11,499,1397,58%,45%
TIK-11,433,1111,58%,40%
TIK-11,452,1432,57%,43%
TIK-11,453,1622,56%,40%
TIK-11,501,1012,56%,41%
TIK-11,454,1087,55%,41%
TIK-11,464,1086,55%,40%
TIK-11,421,1552,55%,39%
TIK-11,474,1214,52%,40%
TIK-11,500,1328,50%,37%
TIK-12,1780,1720,81%,66%
TIK-12,1760,1880,74%,61%
TIK-12,1761,1520,74%,62%
TIK-12,1729,916,74%,53%
TIK-12,1788,214,74%,59%
TIK-12,1730,911,73%,54%
TIK-12,1735,1408,70%,55%
TIK-12,1763,1650,70%,53%
TIK-12,1738,1226,70%,52%
TIK-12,1725,809,67%,49%
TIK-12,1783,1350,67%,49%
TIK-12,1747,1258,67%,53%
TIK-12,1731,1581,67%,45%
TIK-12,1772,1202,66%,51%
TIK-12,1746,706,66%,49%
TIK-12,1748,1215,66%,48%
TIK-12,1768,1171,66%,48%
TIK-12,1733,1353,66%,49%
TIK-12,1726,1719,66%,47%
TIK-12,1765,1732,66%,50%
TIK-12,1736,1625,65%,48%
TIK-12,1724,721,65%,51%
TIK-12,1762,1692,65%,51%
TIK-12,1779,1411,65%,48%
TIK-12,1773,881,64%,47%
TIK-12,1776,1314,64%,47%
TIK-12,1739,1073,63%,49%
TIK-12,1757,1425,63%,44%
TIK-12,1777,1031,63%,47%
TIK-12,1756,1285,63%,46%
TIK-12,1771,1223,63%,47%
TIK-12,1732,1484,62%,46%
TIK-12,1781,1484,62%,42%
TIK-12,1743,1171,62%,47%
TIK-12,1741,868,62%,47%
TIK-12,1740,1188,62%,48%
TIK-12,1784,1133,62%,47%
TIK-12,1754,1493,62%,43%
TIK-12,1749,1151,61%,44%
TIK-12,1753,1381,61%,46%
TIK-12,1752,1421,61%,46%
TIK-12,1751,1292,61%,44%
TIK-12,1759,1130,61%,46%
TIK-12,1775,1093,61%,46%
TIK-12,1734,1519,61%,43%
TIK-12,1770,1182,61%,44%
TIK-12,1782,1140,61%,45%
TIK-12,1742,1188,60%,45%
TIK-12,1769,1359,60%,43%
TIK-12,1750,1114,59%,43%
TIK-12,1758,997,59%,41%
TIK-12,1745,1108,58%,42%
TIK-12,1755,874,58%,41%
TIK-12,1744,1387,58%,44%
TIK-12,1766,1665,58%,42%
TIK-12,1767,1217,58%,43%
TIK-12,1785,1151,58%,41%
TIK-12,1778,1147,57%,45%
TIK-12,1737,1250,57%,41%
TIK-12,1787,1112,54%,40%
TIK-12,1764,1455,53%,42%
TIK-12,1774,1241,53%,37%
TIK-12,1786,930,49%,37%
TIK-13,1268,751,98%,86%
TIK-13,1274,1728,95%,76%
TIK-13,1273,408,93%,76%
TIK-13,1272,652,88%,77%
TIK-13,1269,229,79%,59%
TIK-13,1255,371,71%,54%
TIK-13,1261,466,70%,51%
TIK-13,1267,1045,69%,53%
TIK-13,1263,1231,67%,51%
TIK-13,1262,1344,66%,51%
TIK-13,1243,864,65%,51%
TIK-13,1244,963,65%,50%
TIK-13,1251,1138,65%,51%
TIK-13,1271,707,64%,52%
TIK-13,1245,1043,64%,50%
TIK-13,1256,707,63%,50%
TIK-13,1258,917,63%,50%
TIK-13,1265,879,63%,48%
TIK-13,1246,867,62%,48%
TIK-13,1242,1438,62%,48%
TIK-13,1260,824,62%,46%
TIK-13,1252,1075,62%,49%
TIK-13,1257,848,62%,47%
TIK-13,1254,739,62%,49%
TIK-13,1266,483,62%,49%
TIK-13,1264,602,61%,48%
TIK-13,1253,1111,59%,44%
TIK-13,1241,1564,59%,46%
TIK-13,1259,654,58%,44%
TIK-13,1248,1113,57%,44%
TIK-13,1249,821,57%,45%
TIK-13,1240,1176,57%,45%
TIK-13,1250,790,56%,44%
TIK-13,1247,707,55%,37%
TIK-13,1270,52,54%,41%
TIK-13,1239,1648,54%,40%
TIK-14,290,1455,85%,65%
TIK-14,300,1439,81%,63%
TIK-14,298,1343,80%,61%
TIK-14,259,1593,80%,60%
TIK-14,255,1507,79%,58%
TIK-14,294,1235,78%,61%
TIK-14,260,918,78%,60%
TIK-14,256,1347,77%,57%
TIK-14,257,919,77%,57%
TIK-14,252,1554,77%,54%
TIK-14,297,1366,76%,57%
TIK-14,296,588,76%,58%
TIK-14,263,1469,76%,56%
TIK-14,285,1382,76%,57%
TIK-14,301,1361,76%,58%
TIK-14,299,1320,76%,62%
TIK-14,295,748,75%,60%
TIK-14,266,1431,75%,57%
TIK-14,253,1664,75%,54%
TIK-14,254,1187,74%,57%
TIK-14,262,612,74%,54%
TIK-14,272,1227,74%,58%
TIK-14,271,1079,73%,57%
TIK-14,264,1559,73%,53%
TIK-14,258,1554,73%,54%
TIK-14,276,1617,73%,57%
TIK-14,278,1433,73%,57%
TIK-14,309,977,72%,69%
TIK-14,269,907,72%,52%
TIK-14,303,1153,72%,49%
TIK-14,292,692,71%,55%
TIK-14,281,870,71%,54%
TIK-14,265,1428,71%,53%
TIK-14,267,885,70%,46%
TIK-14,289,1276,69%,50%
TIK-14,273,1472,69%,56%
TIK-14,312,1531,69%,51%
TIK-14,293,826,69%,51%
TIK-14,291,728,69%,56%
TIK-14,261,1316,69%,53%
TIK-14,270,1483,69%,56%
TIK-14,275,1201,68%,54%
TIK-14,282,1505,68%,53%
TIK-14,307,1257,68%,46%
TIK-14,280,1258,67%,52%
TIK-14,286,780,67%,50%
TIK-14,304,1232,67%,46%
TIK-14,279,1072,66%,50%
TIK-14,283,1461,66%,53%
TIK-14,306,1551,65%,46%
TIK-14,274,1140,64%,49%
TIK-14,311,1296,63%,44%
TIK-14,277,715,63%,49%
TIK-14,308,1840,63%,43%
TIK-14,284,1117,63%,48%
TIK-14,305,1656,62%,45%
TIK-14,302,1154,62%,43%
TIK-14,310,1030,61%,43%
TIK-14,287,1169,61%,44%
TIK-14,268,1438,61%,45%
TIK-14,288,805,54%,38%
TIK-15,2294,104,100%,99%
TIK-15,2295,322,100%,95%
TIK-15,2293,283,97%,82%
TIK-15,1238,729,80%,62%
TIK-15,1233,1634,79%,63%
TIK-15,1227,1210,74%,61%
TIK-15,1231,1243,73%,59%
TIK-15,1226,1682,73%,54%
TIK-15,1237,1274,71%,57%
TIK-15,1221,1298,70%,57%
TIK-15,1230,1309,69%,56%
TIK-15,1220,1271,68%,54%
TIK-15,1229,1210,67%,54%
TIK-15,1236,1280,66%,52%
TIK-15,1228,983,66%,52%
TIK-15,1225,752,66%,51%
TIK-15,1234,1444,65%,53%
TIK-15,1223,1112,65%,51%
TIK-15,1224,505,64%,52%
TIK-15,1222,1004,64%,53%
TIK-15,1232,1130,63%,52%
TIK-15,1235,1230,60%,48%
TIK-16,2226,523,94%,65%
TIK-16,2181,2264,75%,57%
TIK-16,2204,1275,73%,50%
TIK-16,2201,1274,66%,47%
TIK-16,2187,1073,64%,43%
TIK-16,2182,1155,62%,40%
TIK-16,2189,904,61%,41%
TIK-16,2183,1222,61%,41%
TIK-16,2196,1027,60%,43%
TIK-16,2199,1157,60%,41%
TIK-16,2193,1148,59%,42%
TIK-16,2198,860,59%,41%
TIK-16,2180,1045,59%,40%
TIK-16,2216,908,58%,38%
TIK-16,2218,1069,57%,39%
TIK-16,2195,717,57%,39%
TIK-16,2214,1155,57%,39%
TIK-16,2202,1093,57%,38%
TIK-16,2215,1386,56%,37%
TIK-16,2197,774,56%,38%
TIK-16,2188,816,56%,38%
TIK-16,2200,781,56%,39%
TIK-16,2185,881,56%,39%
TIK-16,2190,924,55%,38%
TIK-16,2203,929,55%,38%
TIK-16,2221,1222,55%,38%
TIK-16,2225,1271,55%,38%
TIK-16,2210,1153,55%,38%
TIK-16,2224,840,54%,39%
TIK-16,2207,680,54%,39%
TIK-16,2186,1222,54%,37%
TIK-16,2206,829,54%,37%
TIK-16,2191,710,54%,37%
TIK-16,2223,1130,54%,39%
TIK-16,2211,858,53%,37%
TIK-16,2208,953,53%,34%
TIK-16,2209,1133,53%,34%
TIK-16,2205,1147,52%,36%
TIK-16,2220,1083,52%,37%
TIK-16,2192,956,51%,35%
TIK-16,2217,894,51%,36%
TIK-16,2184,1141,50%,35%
TIK-16,2213,843,50%,33%
TIK-16,2219,1043,49%,35%
TIK-16,2194,1206,49%,33%
TIK-16,2212,649,48%,34%
TIK-16,2222,785,45%,32%
TIK-17,573,2617,98%,86%
TIK-17,562,1890,96%,71%
TIK-17,2285,950,96%,63%
TIK-17,2284,500,95%,76%
TIK-17,531,1905,94%,83%
TIK-17,515,1632,88%,65%
TIK-17,571,876,87%,60%
TIK-17,2283,222,84%,62%
TIK-17,561,1606,84%,62%
TIK-17,548,1991,82%,59%
TIK-17,570,970,81%,56%
TIK-17,537,1869,80%,64%
TIK-17,572,1603,79%,52%
TIK-17,574,1266,79%,58%
TIK-17,557,1349,75%,54%
TIK-17,524,1388,75%,61%
TIK-17,535,1599,75%,62%
TIK-17,544,1484,74%,58%
TIK-17,555,1506,74%,57%
TIK-17,563,1704,74%,55%
TIK-17,529,1289,74%,54%
TIK-17,545,1052,73%,56%
TIK-17,549,1330,73%,55%
TIK-17,568,1494,73%,51%
TIK-17,564,1095,73%,55%
TIK-17,553,1111,72%,56%
TIK-17,513,886,71%,51%
TIK-17,565,1809,71%,51%
TIK-17,516,1479,71%,54%
TIK-17,567,1272,71%,51%
TIK-17,522,1473,71%,54%
TIK-17,519,1396,71%,53%
TIK-17,558,1249,70%,55%
TIK-17,525,1390,70%,51%
TIK-17,554,1112,70%,52%
TIK-17,556,1501,70%,52%
TIK-17,523,1344,70%,53%
TIK-17,560,1045,70%,53%
TIK-17,530,1470,69%,52%
TIK-17,547,1139,69%,49%
TIK-17,528,1134,67%,52%
TIK-17,533,1570,67%,50%
TIK-17,521,1671,67%,50%
TIK-17,514,1051,67%,51%
TIK-17,512,1146,67%,48%
TIK-17,526,1437,66%,52%
TIK-17,551,1133,65%,50%
TIK-17,534,1710,65%,50%
TIK-17,543,1600,64%,47%
TIK-17,541,1554,64%,45%
TIK-17,539,1186,64%,49%
TIK-17,517,1223,64%,47%
TIK-17,532,1258,64%,48%
TIK-17,559,1419,63%,46%
TIK-17,520,1468,63%,48%
TIK-17,550,1187,63%,47%
TIK-17,542,1494,63%,47%
TIK-17,518,1243,62%,47%
TIK-17,552,1057,61%,46%
TIK-17,569,1242,61%,43%
TIK-17,546,878,60%,43%
TIK-17,536,1412,60%,45%
TIK-17,540,1399,60%,42%
TIK-17,538,1273,59%,44%
TIK-17,527,1209,59%,44%
TIK-17,566,1574,56%,39%
TIK-18,1667,753,100%,74%
TIK-18,1665,361,97%,78%
TIK-18,1635,1319,89%,70%
TIK-18,1654,1910,81%,71%
TIK-18,1663,1311,81%,67%
TIK-18,1655,1486,80%,64%
TIK-18,1613,1008,80%,60%
TIK-18,1646,1422,79%,63%
TIK-18,1642,867,77%,52%
TIK-18,1636,1417,77%,62%
TIK-18,1661,1829,76%,59%
TIK-18,1632,1522,76%,54%
TIK-18,1634,1153,76%,56%
TIK-18,1656,2041,76%,65%
TIK-18,1612,1323,75%,56%
TIK-18,1650,1273,74%,56%
TIK-18,1651,1790,74%,61%
TIK-18,1619,1470,74%,56%
TIK-18,1616,1357,74%,56%
TIK-18,1637,1760,73%,53%
TIK-18,1662,1579,72%,58%
TIK-18,1648,900,72%,59%
TIK-18,1644,1207,72%,46%
TIK-18,1627,1142,72%,51%
TIK-18,1638,1378,72%,55%
TIK-18,1657,1728,72%,54%
TIK-18,1626,741,71%,54%
TIK-18,1629,958,71%,53%
TIK-18,1630,1083,71%,51%
TIK-18,1659,1607,70%,57%
TIK-18,1641,1417,70%,52%
TIK-18,1631,1431,70%,56%
TIK-18,1633,1216,70%,55%
TIK-18,1660,1522,69%,48%
TIK-18,1617,1053,68%,49%
TIK-18,1618,985,68%,49%
TIK-18,1640,983,65%,48%
TIK-18,1652,759,64%,53%
TIK-18,1643,1420,63%,47%
TIK-18,1649,882,63%,47%
TIK-18,1664,1244,62%,45%
TIK-18,1658,1507,59%,46%
TIK-18,1628,1310,58%,42%
TIK-18,1623,769,57%,44%
TIK-18,1639,621,57%,41%
TIK-18,1625,1019,57%,42%
TIK-18,1647,1491,56%,40%
TIK-18,1653,877,55%,40%
TIK-18,1615,1026,54%,38%
TIK-18,1624,1001,53%,40%
TIK-18,1621,1002,52%,42%
TIK-18,1620,1072,52%,36%
TIK-18,1645,730,52%,37%
TIK-18,1622,1191,51%,34%
TIK-18,1614,835,48%,33%
TIK-19,1353,260,98%,78%
TIK-19,1349,2093,80%,64%
TIK-19,1316,1740,76%,60%
TIK-19,1312,964,71%,53%
TIK-19,1287,819,70%,51%
TIK-19,1348,1668,70%,52%
TIK-19,1317,1039,70%,50%
TIK-19,1305,930,70%,49%
TIK-19,1297,1017,70%,47%
TIK-19,1331,657,70%,49%
TIK-19,1296,965,69%,48%
TIK-19,1286,874,67%,50%
TIK-19,1293,761,67%,46%
TIK-19,1337,1692,67%,42%
TIK-19,1322,1314,67%,51%
TIK-19,1321,1114,67%,51%
TIK-19,1347,1334,67%,49%
TIK-19,1304,799,66%,46%
TIK-19,1314,990,66%,50%
TIK-19,1288,619,66%,45%
TIK-19,1335,1164,66%,49%
TIK-19,1283,1026,66%,46%
TIK-19,1313,1148,65%,49%
TIK-19,1319,1436,65%,48%
TIK-19,1311,808,65%,47%
TIK-19,1332,1118,65%,45%
TIK-19,1292,872,64%,45%
TIK-19,1282,1970,64%,47%
TIK-19,1295,742,64%,43%
TIK-19,1307,1436,63%,45%
TIK-19,1329,1139,63%,44%
TIK-19,1300,1394,63%,45%
TIK-19,1320,943,63%,49%
TIK-19,1345,1064,62%,45%
TIK-19,1323,1032,62%,45%
TIK-19,1333,612,62%,45%
TIK-19,1346,1470,62%,44%
TIK-19,1303,1325,61%,43%
TIK-19,1344,1166,61%,45%
TIK-19,1324,1328,61%,44%
TIK-19,1352,1309,61%,43%
TIK-19,1294,1167,60%,43%
TIK-19,1291,606,60%,43%
TIK-19,1325,999,60%,41%
TIK-19,1299,903,60%,42%
TIK-19,1315,810,60%,43%
TIK-19,1338,1126,59%,42%
TIK-19,1350,1678,59%,42%
TIK-19,1341,1137,59%,41%
TIK-19,1301,1254,59%,42%
TIK-19,1343,1126,59%,41%
TIK-19,1309,1331,59%,44%
TIK-19,1330,877,58%,41%
TIK-19,1310,645,58%,42%
TIK-19,1342,838,58%,39%
TIK-19,1336,1452,58%,41%
TIK-19,1289,782,58%,42%
TIK-19,1327,931,58%,42%
TIK-19,1340,1772,58%,41%
TIK-19,1290,1159,57%,41%
TIK-19,1281,1464,57%,41%
TIK-19,1302,1263,57%,39%
TIK-19,1308,1255,56%,41%
TIK-19,1351,1769,56%,40%
TIK-19,1279,1105,56%,37%
TIK-19,1326,816,55%,37%
TIK-19,1339,1011,55%,40%
TIK-19,1298,1136,55%,39%
TIK-19,1318,998,55%,40%
TIK-19,1334,564,53%,36%
TIK-19,1284,1149,53%,38%
TIK-19,1285,886,53%,38%
TIK-19,1306,829,52%,36%
TIK-19,1328,944,52%,35%
TIK-19,1280,983,45%,32%
TIK-2,187,86,100%,59%
TIK-2,188,25,100%,40%
TIK-2,190,37,100%,78%
TIK-2,192,21,100%,62%
TIK-2,193,19,100%,58%
TIK-2,184,365,96%,75%
TIK-2,186,211,94%,58%
TIK-2,137,1298,92%,66%
TIK-2,191,12,92%,31%
TIK-2,185,808,92%,62%
TIK-2,189,14,88%,63%
TIK-2,171,1133,82%,58%
TIK-2,183,119,80%,57%
TIK-2,104,1231,78%,51%
TIK-2,132,1359,78%,55%
TIK-2,149,1349,77%,52%
TIK-2,158,2056,77%,46%
TIK-2,136,1221,76%,55%
TIK-2,134,1513,76%,57%
TIK-2,162,1065,75%,54%
TIK-2,152,1212,75%,54%
TIK-2,105,1310,74%,54%
TIK-2,114,1055,74%,56%
TIK-2,159,1002,74%,54%
TIK-2,164,1324,74%,55%
TIK-2,157,1233,73%,50%
TIK-2,154,1433,73%,51%
TIK-2,155,876,72%,44%
TIK-2,180,748,72%,49%
TIK-2,107,997,71%,48%
TIK-2,139,1126,70%,49%
TIK-2,172,1405,70%,49%
TIK-2,151,1362,70%,50%
TIK-2,108,1002,68%,45%
TIK-2,163,810,68%,49%
TIK-2,177,1354,68%,49%
TIK-2,182,762,68%,45%
TIK-2,109,1106,68%,48%
TIK-2,178,1216,68%,47%
TIK-2,161,1044,67%,50%
TIK-2,160,1024,67%,50%
TIK-2,144,906,67%,50%
TIK-2,122,973,67%,46%
TIK-2,174,1274,67%,47%
TIK-2,142,1099,67%,47%
TIK-2,173,1212,66%,48%
TIK-2,126,862,66%,48%
TIK-2,153,1592,65%,47%
TIK-2,140,1045,65%,42%
TIK-2,150,923,65%,48%
TIK-2,129,971,65%,47%
TIK-2,143,654,65%,45%
TIK-2,168,1674,65%,44%
TIK-2,175,1092,65%,46%
TIK-2,138,1396,65%,43%
TIK-2,121,953,65%,45%
TIK-2,133,1337,65%,48%
TIK-2,166,1167,64%,47%
TIK-2,165,1136,64%,47%
TIK-2,119,1281,64%,44%
TIK-2,145,1345,64%,44%
TIK-2,169,980,64%,48%
TIK-2,156,1429,64%,47%
TIK-2,127,925,63%,44%
TIK-2,125,974,62%,45%
TIK-2,170,1420,62%,44%
TIK-2,181,1081,61%,40%
TIK-2,106,890,61%,43%
TIK-2,176,1269,61%,45%
TIK-2,131,800,61%,40%
TIK-2,120,1041,60%,41%
TIK-2,115,1261,60%,43%
TIK-2,113,967,59%,42%
TIK-2,179,1271,59%,39%
TIK-2,128,1075,59%,43%
TIK-2,117,1048,58%,42%
TIK-2,148,1517,58%,40%
TIK-2,111,998,58%,41%
TIK-2,135,1161,56%,38%
TIK-2,141,996,56%,39%
TIK-2,123,912,55%,37%
TIK-2,167,1067,55%,38%
TIK-2,110,791,55%,40%
TIK-2,124,965,54%,37%
TIK-2,116,1289,54%,39%
TIK-2,112,1025,54%,36%
TIK-2,146,774,52%,40%
TIK-2,147,1041,51%,37%
TIK-2,118,995,51%,36%
TIK-2,130,1065,50%,36%
TIK-20,1983,184,100%,90%
TIK-20,1987,341,97%,86%
TIK-20,2022,345,94%,79%
TIK-20,2006,1562,78%,61%
TIK-20,2008,1803,75%,62%
TIK-20,1976,1576,75%,59%
TIK-20,1949,1589,75%,56%
TIK-20,2009,1637,75%,60%
TIK-20,2007,1287,74%,62%
TIK-20,1970,1171,74%,57%
TIK-20,1980,1070,74%,55%
TIK-20,1986,1145,72%,54%
TIK-20,2005,1618,72%,57%
TIK-20,1989,1106,72%,54%
TIK-20,1998,1569,72%,54%
TIK-20,1996,2196,71%,53%
TIK-20,1982,1234,70%,56%
TIK-20,1964,977,70%,54%
TIK-20,1969,1526,70%,53%
TIK-20,2002,975,70%,55%
TIK-20,1973,1206,70%,52%
TIK-20,1974,1524,70%,54%
TIK-20,1954,1596,70%,56%
TIK-20,1993,617,70%,52%
TIK-20,1977,1894,69%,48%
TIK-20,2004,1584,68%,54%
TIK-20,2017,1494,68%,52%
TIK-20,1972,1155,68%,53%
TIK-20,2020,1293,68%,51%
TIK-20,1990,786,68%,53%
TIK-20,2016,1457,68%,52%
TIK-20,2010,1686,68%,50%
TIK-20,1984,1623,68%,52%
TIK-20,1968,1727,67%,49%
TIK-20,1952,1164,67%,52%
TIK-20,1961,1681,66%,50%
TIK-20,1950,1609,66%,52%
TIK-20,1988,1096,66%,53%
TIK-20,1997,864,66%,51%
TIK-20,1955,1355,66%,51%
TIK-20,1985,1292,66%,48%
TIK-20,1963,1743,66%,49%
TIK-20,1971,1211,65%,51%
TIK-20,2021,1279,65%,52%
TIK-20,1967,1483,65%,48%
TIK-20,1999,1327,65%,51%
TIK-20,2012,1638,65%,48%
TIK-20,2018,1814,65%,52%
TIK-20,1959,848,65%,50%
TIK-20,1979,1319,65%,48%
TIK-20,1953,1715,65%,48%
TIK-20,1960,1570,65%,49%
TIK-20,1951,1498,65%,51%
TIK-20,1958,1617,64%,48%
TIK-20,1981,1030,64%,48%
TIK-20,1992,1373,64%,49%
TIK-20,1978,1603,63%,49%
TIK-20,1957,1655,63%,47%
TIK-20,2001,1621,63%,47%
TIK-20,1962,1561,62%,45%
TIK-20,1956,886,61%,46%
TIK-20,2013,1389,61%,47%
TIK-20,1965,1229,61%,46%
TIK-20,1975,849,61%,48%
TIK-20,1994,1421,61%,48%
TIK-20,1966,1633,61%,45%
TIK-20,2011,1622,60%,45%
TIK-20,1995,1504,60%,46%
TIK-20,2003,1468,59%,46%
TIK-20,2014,1543,58%,44%
TIK-20,1991,607,58%,45%
TIK-20,2015,1425,56%,44%
TIK-20,2000,1331,54%,44%
TIK-20,2019,915,44%,35%
TIK-21,894,1438,100%,73%
TIK-21,893,385,98%,83%
TIK-21,876,734,64%,53%
TIK-21,836,1394,63%,51%
TIK-21,838,1385,63%,51%
TIK-21,839,1527,63%,49%
TIK-21,890,1077,63%,48%
TIK-21,878,1037,62%,50%
TIK-21,862,1160,62%,50%
TIK-21,840,1410,62%,48%
TIK-21,841,1341,62%,49%
TIK-21,889,1093,61%,47%
TIK-21,834,1191,61%,50%
TIK-21,881,834,61%,47%
TIK-21,845,1505,61%,47%
TIK-21,877,1069,61%,51%
TIK-21,833,1260,61%,47%
TIK-21,861,1268,60%,46%
TIK-21,856,1275,60%,48%
TIK-21,830,1262,60%,46%
TIK-21,828,1185,60%,45%
TIK-21,835,1520,60%,48%
TIK-21,831,1386,60%,47%
TIK-21,864,1198,60%,47%
TIK-21,855,1309,60%,47%
TIK-21,846,1420,59%,44%
TIK-21,886,1353,59%,46%
TIK-21,888,1125,59%,45%
TIK-21,869,1155,59%,47%
TIK-21,827,1077,59%,47%
TIK-21,857,1341,59%,47%
TIK-21,892,768,59%,45%
TIK-21,859,1252,59%,47%
TIK-21,832,1167,59%,48%
TIK-21,879,977,59%,48%
TIK-21,844,1478,58%,46%
TIK-21,843,820,58%,46%
TIK-21,829,1231,58%,46%
TIK-21,854,1275,58%,45%
TIK-21,882,1150,58%,44%
TIK-21,887,1320,57%,46%
TIK-21,865,1333,57%,45%
TIK-21,847,1227,57%,44%
TIK-21,851,1244,57%,44%
TIK-21,891,1129,57%,44%
TIK-21,866,1161,57%,45%
TIK-21,868,1107,57%,45%
TIK-21,870,1184,56%,45%
TIK-21,850,1308,56%,43%
TIK-21,873,1221,56%,44%
TIK-21,863,1083,56%,43%
TIK-21,871,1076,56%,45%
TIK-21,826,1245,56%,43%
TIK-21,858,1255,56%,44%
TIK-21,849,1293,56%,44%
TIK-21,853,1217,56%,44%
TIK-21,883,1002,55%,44%
TIK-21,848,1074,55%,44%
TIK-21,842,1285,55%,43%
TIK-21,867,1107,54%,42%
TIK-21,880,802,54%,43%
TIK-21,860,1257,54%,43%
TIK-21,885,1048,54%,42%
TIK-21,837,1272,53%,44%
TIK-21,874,1313,53%,42%
TIK-21,884,1033,53%,41%
TIK-21,852,1173,53%,42%
TIK-21,872,915,52%,40%
TIK-21,875,1111,52%,41%
TIK-22,403,658,100%,80%
TIK-22,404,523,100%,79%
TIK-22,408,240,100%,75%
TIK-22,405,345,99%,79%
TIK-22,343,3276,99%,81%
TIK-22,407,686,98%,76%
TIK-22,409,337,97%,73%
TIK-22,406,426,90%,70%
TIK-22,396,1527,81%,61%
TIK-22,382,1383,80%,55%
TIK-22,358,1170,80%,55%
TIK-22,394,982,80%,61%
TIK-22,397,1952,80%,59%
TIK-22,334,1686,79%,63%
TIK-22,392,1559,78%,58%
TIK-22,345,1428,77%,52%
TIK-22,349,1132,76%,45%
TIK-22,353,1014,75%,53%
TIK-22,379,1137,75%,57%
TIK-22,352,1035,74%,53%
TIK-22,364,1152,74%,51%
TIK-22,335,784,73%,52%
TIK-22,350,1599,73%,51%
TIK-22,400,1061,73%,54%
TIK-22,346,1063,73%,51%
TIK-22,378,1033,73%,50%
TIK-22,367,869,73%,50%
TIK-22,372,1902,71%,50%
TIK-22,348,1289,71%,49%
TIK-22,351,1034,71%,50%
TIK-22,354,1014,71%,51%
TIK-22,391,1459,71%,51%
TIK-22,375,1885,71%,52%
TIK-22,342,1330,71%,51%
TIK-22,365,1083,71%,50%
TIK-22,361,1228,70%,49%
TIK-22,371,1337,70%,49%
TIK-22,388,1416,70%,52%
TIK-22,338,1218,70%,45%
TIK-22,398,1050,70%,53%
TIK-22,344,1409,70%,49%
TIK-22,390,669,70%,49%
TIK-22,370,1214,70%,48%
TIK-22,395,1113,69%,51%
TIK-22,341,1053,69%,48%
TIK-22,340,1071,68%,45%
TIK-22,369,1094,67%,46%
TIK-22,355,1262,67%,44%
TIK-22,330,1379,67%,48%
TIK-22,362,1092,66%,47%
TIK-22,336,1280,66%,48%
TIK-22,381,1020,66%,49%
TIK-22,401,1115,65%,49%
TIK-22,359,936,65%,44%
TIK-22,384,1003,65%,48%
TIK-22,333,1362,65%,48%
TIK-22,356,1116,65%,44%
TIK-22,337,1016,65%,48%
TIK-22,399,1415,65%,47%
TIK-22,380,1411,65%,48%
TIK-22,386,1572,64%,45%
TIK-22,339,862,64%,47%
TIK-22,383,1468,63%,48%
TIK-22,332,1296,63%,45%
TIK-22,385,1563,63%,48%
TIK-22,363,1045,62%,41%
TIK-22,368,1226,62%,44%
TIK-22,387,1415,61%,45%
TIK-22,360,722,60%,40%
TIK-22,389,1109,60%,45%
TIK-22,331,761,60%,41%
TIK-22,393,1462,60%,44%
TIK-22,347,1424,60%,41%
TIK-22,366,693,59%,41%
TIK-22,373,1328,56%,39%
TIK-22,357,1114,55%,37%
TIK-22,374,1570,54%,36%
TIK-23,2102,148,100%,81%
TIK-23,2103,536,100%,70%
TIK-23,2101,599,90%,69%
TIK-23,2041,1403,86%,68%
TIK-23,2075,1219,82%,63%
TIK-23,2060,1064,78%,58%
TIK-23,2038,1537,71%,53%
TIK-23,2056,1479,70%,57%
TIK-23,2046,1356,70%,58%
TIK-23,2072,1262,70%,52%
TIK-23,2055,1254,70%,57%
TIK-23,2057,1317,69%,57%
TIK-23,2081,1204,68%,51%
TIK-23,2071,1122,67%,52%
TIK-23,2090,1394,66%,48%
TIK-23,2078,1585,66%,53%
TIK-23,2037,1601,66%,53%
TIK-23,2074,1093,66%,45%
TIK-23,2048,899,65%,50%
TIK-23,2050,1432,65%,46%
TIK-23,2096,1157,65%,50%
TIK-23,2073,1226,65%,47%
TIK-23,2086,1324,65%,49%
TIK-23,2088,1251,65%,54%
TIK-23,2039,767,64%,48%
TIK-23,2076,1014,63%,48%
TIK-23,2092,1175,63%,47%
TIK-23,2062,1296,63%,47%
TIK-23,2054,1543,63%,49%
TIK-23,2061,1068,62%,44%
TIK-23,2079,1576,62%,46%
TIK-23,2035,1202,61%,50%
TIK-23,2058,1368,61%,46%
TIK-23,2085,1317,61%,45%
TIK-23,2051,1360,60%,44%
TIK-23,2083,1109,60%,46%
TIK-23,2068,1222,60%,46%
TIK-23,2049,1441,60%,47%
TIK-23,2100,1224,60%,46%
TIK-23,2093,1154,60%,45%
TIK-23,2044,998,59%,44%
TIK-23,2095,1351,59%,46%
TIK-23,2045,1029,59%,44%
TIK-23,2094,1169,59%,45%
TIK-23,2084,1082,59%,44%
TIK-23,2098,1196,59%,45%
TIK-23,2053,1364,59%,44%
TIK-23,2047,1289,59%,45%
TIK-23,2077,1362,59%,45%
TIK-23,2066,1185,59%,44%
TIK-23,2091,1150,58%,42%
TIK-23,2097,1337,58%,43%
TIK-23,2080,1546,58%,42%
TIK-23,2052,1410,58%,42%
TIK-23,2099,1237,58%,44%
TIK-23,2069,1156,57%,45%
TIK-23,2043,842,57%,43%
TIK-23,2082,1160,57%,42%
TIK-23,2064,1162,56%,43%
TIK-23,2036,1234,56%,43%
TIK-23,2059,1218,56%,41%
TIK-23,2065,1267,56%,43%
TIK-23,2067,1283,55%,42%
TIK-23,2089,1004,55%,40%
TIK-23,2063,1049,55%,42%
TIK-23,2070,871,55%,43%
TIK-23,2042,1065,54%,41%
TIK-23,2087,1511,53%,39%
TIK-23,2040,940,51%,38%
TIK-24,1605,121,76%,55%
TIK-24,1597,1907,75%,58%
TIK-24,1595,1520,74%,59%
TIK-24,1546,1407,74%,56%
TIK-24,1568,1082,72%,58%
TIK-24,1604,1633,72%,52%
TIK-24,1560,1183,71%,47%
TIK-24,1563,1046,69%,52%
TIK-24,1550,955,69%,45%
TIK-24,1601,1270,67%,49%
TIK-24,1599,1463,67%,51%
TIK-24,1591,1358,67%,53%
TIK-24,1558,1236,66%,49%
TIK-24,1596,1545,66%,51%
TIK-24,1587,1600,66%,51%
TIK-24,1566,850,65%,47%
TIK-24,1545,1367,65%,48%
TIK-24,1579,1274,64%,45%
TIK-24,1588,1672,63%,46%
TIK-24,1567,945,63%,44%
TIK-24,1602,1604,63%,47%
TIK-24,1589,1276,63%,48%
TIK-24,1570,1048,63%,47%
TIK-24,1551,1008,63%,45%
TIK-24,1565,1028,62%,45%
TIK-24,1573,1228,62%,50%
TIK-24,1590,1350,62%,48%
TIK-24,1547,1054,62%,45%
TIK-24,1574,966,62%,47%
TIK-24,1571,1099,62%,46%
TIK-24,1594,1234,61%,47%
TIK-24,1578,1401,61%,42%
TIK-24,1576,1366,61%,45%
TIK-24,1557,1253,61%,44%
TIK-24,1577,1833,60%,43%
TIK-24,1549,828,60%,43%
TIK-24,1600,1260,60%,45%
TIK-24,1593,1268,60%,45%
TIK-24,1598,1197,60%,46%
TIK-24,1586,1668,60%,42%
TIK-24,1564,972,59%,48%
TIK-24,1552,997,59%,45%
TIK-24,1554,1034,59%,44%
TIK-24,1575,916,58%,47%
TIK-24,1548,915,58%,43%
TIK-24,1592,1178,57%,43%
TIK-24,1572,1273,57%,44%
TIK-24,1555,1187,56%,43%
TIK-24,1583,1112,56%,42%
TIK-24,1603,1371,56%,42%
TIK-24,1569,1185,56%,40%
TIK-24,1580,1031,55%,40%
TIK-24,1581,917,55%,43%
TIK-24,1556,1084,55%,40%
TIK-24,1561,970,55%,41%
TIK-24,1562,858,55%,41%
TIK-24,1582,790,54%,42%
TIK-24,1559,942,54%,40%
TIK-24,1553,997,53%,37%
TIK-24,1584,1051,52%,40%
TIK-24,1585,978,52%,38%
TIK-25,1023,1379,79%,60%
TIK-25,1002,1526,78%,60%
TIK-25,1003,1459,76%,58%
TIK-25,1025,1173,75%,57%
TIK-25,1005,1304,74%,59%
TIK-25,1039,1191,73%,54%
TIK-25,993,1453,73%,57%
TIK-25,997,951,73%,56%
TIK-25,1040,738,73%,58%
TIK-25,1006,1202,73%,55%
TIK-25,976,1459,73%,55%
TIK-25,973,1218,72%,58%
TIK-25,1030,1259,72%,53%
TIK-25,1038,1275,72%,56%
TIK-25,1047,357,72%,57%
TIK-25,982,1246,72%,56%
TIK-25,987,802,71%,55%
TIK-25,1028,880,71%,56%
TIK-25,1027,1338,71%,53%
TIK-25,996,1475,71%,55%
TIK-25,1013,1268,71%,55%
TIK-25,990,1212,70%,52%
TIK-25,1004,1083,70%,52%
TIK-25,994,1360,70%,52%
TIK-25,1008,1243,70%,55%
TIK-25,1036,1149,70%,54%
TIK-25,1012,850,70%,52%
TIK-25,1045,1621,70%,53%
TIK-25,1046,1511,70%,52%
TIK-25,975,999,69%,53%
TIK-25,985,1187,69%,52%
TIK-25,1035,1371,69%,52%
TIK-25,1043,926,69%,50%
TIK-25,1041,1554,69%,53%
TIK-25,989,764,69%,52%
TIK-25,1018,1328,68%,53%
TIK-25,1015,1094,68%,55%
TIK-25,986,1200,68%,50%
TIK-25,1011,743,68%,52%
TIK-25,1010,1227,68%,51%
TIK-25,1022,1365,68%,54%
TIK-25,1014,1149,68%,53%
TIK-25,1024,1191,68%,54%
TIK-25,1034,1312,67%,52%
TIK-25,995,1223,67%,51%
TIK-25,1021,1419,67%,48%
TIK-25,1017,991,66%,50%
TIK-25,980,1198,66%,52%
TIK-25,983,999,66%,49%
TIK-25,1026,1274,66%,50%
TIK-25,1032,1269,66%,49%
TIK-25,1009,1208,66%,50%
TIK-25,1042,1446,66%,49%
TIK-25,999,1194,66%,51%
TIK-25,981,867,66%,50%
TIK-25,1016,1100,65%,51%
TIK-25,974,1067,65%,51%
TIK-25,1007,825,65%,48%
TIK-25,1033,1442,65%,50%
TIK-25,1001,1187,65%,48%
TIK-25,1037,909,65%,51%
TIK-25,977,1228,64%,49%
TIK-25,988,1252,64%,50%
TIK-25,979,1243,64%,47%
TIK-25,1019,1113,63%,47%
TIK-25,1020,1287,63%,47%
TIK-25,991,1202,63%,47%
TIK-25,1000,1274,63%,47%
TIK-25,1044,951,62%,47%
TIK-25,1029,891,62%,48%
TIK-25,978,1177,62%,48%
TIK-25,992,1046,62%,45%
TIK-25,1031,1010,60%,47%
TIK-25,998,1089,60%,46%
TIK-25,984,820,57%,40%
TIK-26,1172,614,98%,86%
TIK-26,1210,559,95%,72%
TIK-26,1164,540,85%,64%
TIK-26,1181,1574,71%,52%
TIK-26,1213,1811,70%,51%
TIK-26,1154,1435,67%,53%
TIK-26,1160,1482,64%,49%
TIK-26,1212,281,64%,52%
TIK-26,1161,1159,63%,49%
TIK-26,1169,1491,63%,47%
TIK-26,1185,615,63%,49%
TIK-26,1186,995,63%,49%
TIK-26,1166,1281,62%,48%
TIK-26,1176,1108,62%,48%
TIK-26,1157,1011,62%,47%
TIK-26,1188,1758,62%,47%
TIK-26,1179,632,62%,49%
TIK-26,1168,1368,62%,47%
TIK-26,1146,1075,62%,48%
TIK-26,1194,1067,62%,47%
TIK-26,1189,1669,61%,47%
TIK-26,1177,1040,61%,47%
TIK-26,1187,1410,61%,47%
TIK-26,1147,1158,61%,47%
TIK-26,1156,1094,61%,46%
TIK-26,1183,563,61%,46%
TIK-26,1145,1131,60%,47%
TIK-26,1195,980,60%,47%
TIK-26,1159,1218,60%,44%
TIK-26,1158,1274,60%,47%
TIK-26,1162,1109,60%,47%
TIK-26,1163,1024,60%,46%
TIK-26,1196,1155,60%,47%
TIK-26,1167,1427,60%,45%
TIK-26,1150,1280,60%,46%
TIK-26,1149,1241,60%,45%
TIK-26,1182,1211,60%,45%
TIK-26,1201,1015,59%,44%
TIK-26,1198,1108,59%,45%
TIK-26,1155,1082,59%,47%
TIK-26,1153,1435,59%,46%
TIK-26,1207,1240,59%,45%
TIK-26,1184,1291,59%,47%
TIK-26,1165,1066,59%,45%
TIK-26,1148,1158,59%,45%
TIK-26,1151,1258,59%,43%
TIK-26,1174,1092,59%,45%
TIK-26,1170,1103,59%,45%
TIK-26,1205,889,58%,45%
TIK-26,1206,1318,58%,44%
TIK-26,1204,1016,58%,47%
TIK-26,1152,1118,58%,45%
TIK-26,1209,924,58%,47%
TIK-26,1216,1027,57%,45%
TIK-26,1202,1072,57%,42%
TIK-26,1173,987,56%,42%
TIK-26,1171,1380,56%,44%
TIK-26,1199,1158,56%,45%
TIK-26,1178,1076,56%,43%
TIK-26,1197,908,55%,41%
TIK-26,1208,882,55%,42%
TIK-26,1203,925,55%,44%
TIK-26,1193,598,55%,41%
TIK-26,1200,991,54%,43%
TIK-26,1175,966,54%,40%
TIK-26,1211,809,53%,39%
TIK-26,1214,989,51%,41%
TIK-26,1180,954,49%,38%
TIK-26,1215,936,48%,37%
TIK-27,1413,951,95%,73%
TIK-27,1414,642,91%,62%
TIK-27,1376,741,73%,53%
TIK-27,1373,728,71%,51%
TIK-27,1379,1295,70%,54%
TIK-27,1395,1013,70%,47%
TIK-27,1411,416,70%,49%
TIK-27,1378,1057,69%,52%
TIK-27,1399,1067,69%,47%
TIK-27,1368,1492,69%,46%
TIK-27,1372,878,69%,51%
TIK-27,1397,1070,69%,47%
TIK-27,1381,1256,68%,51%
TIK-27,1374,702,67%,51%
TIK-27,1403,1487,67%,49%
TIK-27,1380,1095,67%,49%
TIK-27,1400,932,66%,46%
TIK-27,1369,1250,66%,49%
TIK-27,1370,1097,66%,48%
TIK-27,1390,1289,66%,47%
TIK-27,1393,1625,65%,46%
TIK-27,1402,1343,65%,47%
TIK-27,1409,1532,65%,46%
TIK-27,1377,904,65%,48%
TIK-27,1371,1284,65%,43%
TIK-27,1396,1047,65%,42%
TIK-27,1401,1168,64%,46%
TIK-27,1389,1478,63%,46%
TIK-27,1386,1446,63%,49%
TIK-27,1375,1529,63%,47%
TIK-27,1404,1685,63%,46%
TIK-27,1392,1067,63%,48%
TIK-27,1405,1428,63%,48%
TIK-27,1408,1052,62%,46%
TIK-27,1385,584,62%,46%
TIK-27,1407,1441,61%,47%
TIK-27,1384,937,61%,46%
TIK-27,1383,1091,61%,46%
TIK-27,1367,1196,59%,40%
TIK-27,1398,1473,59%,40%
TIK-27,1387,893,58%,43%
TIK-27,1406,1385,58%,44%
TIK-27,1410,1302,58%,43%
TIK-27,1391,1460,58%,42%
TIK-27,1382,1195,58%,44%
TIK-27,1394,1132,58%,43%
TIK-27,1388,1010,57%,45%
TIK-27,1412,730,56%,48%
TIK-28,1947,1047,100%,75%
TIK-28,1941,370,98%,76%
TIK-28,1946,687,75%,60%
TIK-28,1880,1544,73%,54%
TIK-28,1892,1486,72%,55%
TIK-28,1919,1452,71%,57%
TIK-28,1935,986,69%,53%
TIK-28,1895,1092,68%,50%
TIK-28,1924,1401,68%,49%
TIK-28,1894,1838,67%,49%
TIK-28,1877,1461,67%,49%
TIK-28,1933,1195,66%,49%
TIK-28,1899,1198,66%,50%
TIK-28,1916,1290,66%,48%
TIK-28,1889,1627,66%,47%
TIK-28,1887,1400,66%,49%
TIK-28,1932,1391,66%,51%
TIK-28,1888,1400,65%,49%
TIK-28,1912,1225,65%,47%
TIK-28,1930,1398,65%,50%
TIK-28,1939,1404,65%,46%
TIK-28,1938,1482,64%,47%
TIK-28,1876,1176,64%,49%
TIK-28,1875,1093,64%,45%
TIK-28,1920,1282,64%,49%
TIK-28,1882,1451,64%,47%
TIK-28,1937,1360,64%,46%
TIK-28,1911,1342,64%,48%
TIK-28,1910,1211,64%,47%
TIK-28,1897,1629,64%,46%
TIK-28,1913,1440,63%,48%
TIK-28,1906,1097,63%,47%
TIK-28,1914,1581,63%,50%
TIK-28,1945,1033,63%,46%
TIK-28,1868,1382,63%,47%
TIK-28,1922,1327,63%,48%
TIK-28,1885,1423,63%,46%
TIK-28,1917,1432,63%,47%
TIK-28,1891,1280,63%,47%
TIK-28,1869,1412,63%,45%
TIK-28,1903,1083,63%,50%
TIK-28,1900,924,63%,49%
TIK-28,1918,1279,62%,46%
TIK-28,1907,1037,62%,46%
TIK-28,1904,1203,62%,47%
TIK-28,1927,1640,62%,44%
TIK-28,1923,1426,62%,45%
TIK-28,1879,1333,61%,46%
TIK-28,1884,1412,61%,45%
TIK-28,1873,1229,61%,44%
TIK-28,1867,1405,61%,46%
TIK-28,1934,850,61%,42%
TIK-28,1901,1381,61%,46%
TIK-28,1902,1104,61%,48%
TIK-28,1893,1268,61%,47%
TIK-28,1878,1294,61%,46%
TIK-28,1915,1218,61%,47%
TIK-28,1921,659,60%,42%
TIK-28,1940,1230,60%,44%
TIK-28,1890,1177,60%,46%
TIK-28,1870,1451,60%,45%
TIK-28,1883,1359,60%,43%
TIK-28,1896,1426,60%,43%
TIK-28,1931,1338,60%,44%
TIK-28,1942,1660,60%,42%
TIK-28,1909,1307,60%,45%
TIK-28,1872,1301,60%,42%
TIK-28,1874,1341,59%,44%
TIK-28,1886,899,59%,44%
TIK-28,1898,1167,59%,43%
TIK-28,1905,1142,59%,45%
TIK-28,1908,1173,59%,43%
TIK-28,1929,95,58%,51%
TIK-28,1871,1420,58%,38%
TIK-28,1943,1337,57%,41%
TIK-28,1936,931,57%,42%
TIK-28,1881,1392,57%,41%
TIK-28,1944,1395,56%,42%
TIK-28,1928,1342,55%,38%
TIK-29,2179,171,100%,78%
TIK-29,2178,182,99%,81%
TIK-29,2177,216,85%,60%
TIK-29,2172,1350,80%,69%
TIK-29,2130,1277,77%,63%
TIK-29,2122,1860,75%,59%
TIK-29,2128,1571,75%,56%
TIK-29,2118,1447,74%,57%
TIK-29,2131,1616,73%,58%
TIK-29,2145,1428,70%,54%
TIK-29,2161,1833,70%,49%
TIK-29,2125,1101,70%,56%
TIK-29,2163,1394,69%,52%
TIK-29,2159,1760,69%,50%
TIK-29,2109,1456,68%,52%
TIK-29,2135,1572,68%,52%
TIK-29,2138,1444,66%,49%
TIK-29,2124,1603,66%,51%
TIK-29,2129,1241,66%,51%
TIK-29,2171,1366,65%,48%
TIK-29,2160,1785,65%,47%
TIK-29,2151,1548,64%,48%
TIK-29,2141,991,64%,50%
TIK-29,2147,1446,64%,47%
TIK-29,2108,1323,64%,49%
TIK-29,2149,1301,63%,48%
TIK-29,2162,1518,63%,49%
TIK-29,2169,797,63%,49%
TIK-29,2123,1520,63%,47%
TIK-29,2173,1529,63%,45%
TIK-29,2115,1534,63%,47%
TIK-29,2136,1608,63%,47%
TIK-29,2111,1374,62%,48%
TIK-29,2153,1124,62%,48%
TIK-29,2164,1372,62%,46%
TIK-29,2174,1602,62%,48%
TIK-29,2142,1426,62%,48%
TIK-29,2126,1255,62%,47%
TIK-29,2137,1501,62%,46%
TIK-29,2148,1279,62%,47%
TIK-29,2156,1293,61%,48%
TIK-29,2168,974,61%,46%
TIK-29,2119,1491,61%,46%
TIK-29,2170,1260,61%,46%
TIK-29,2144,1336,61%,45%
TIK-29,2110,1230,61%,47%
TIK-29,2157,1233,61%,47%
TIK-29,2150,1582,61%,47%
TIK-29,2166,1416,61%,45%
TIK-29,2152,1236,61%,47%
TIK-29,2146,1425,61%,47%
TIK-29,2143,1461,60%,46%
TIK-29,2134,1230,60%,45%
TIK-29,2127,1065,60%,46%
TIK-29,2121,1076,60%,46%
TIK-29,2117,1581,60%,45%
TIK-29,2114,1460,59%,43%
TIK-29,2139,1454,59%,45%
TIK-29,2167,1368,59%,46%
TIK-29,2104,726,59%,43%
TIK-29,2120,1286,59%,45%
TIK-29,2165,1316,59%,46%
TIK-29,2175,975,59%,44%
TIK-29,2158,1072,59%,45%
TIK-29,2107,1134,59%,44%
TIK-29,2132,1277,58%,46%
TIK-29,2112,1335,58%,44%
TIK-29,2155,1494,58%,43%
TIK-29,2106,1303,57%,42%
TIK-29,2154,1049,57%,42%
TIK-29,2133,1287,57%,44%
TIK-29,2140,1501,57%,42%
TIK-29,2105,1286,57%,44%
TIK-29,2116,1379,56%,42%
TIK-29,2113,1503,56%,41%
TIK-29,2176,928,48%,34%
TIK-3,645,241,100%,85%
TIK-3,646,10,100%,90%
TIK-3,647,10,100%,80%
TIK-3,648,10,100%,100%
TIK-3,649,12,100%,100%
TIK-3,650,12,100%,92%
TIK-3,651,11,100%,100%
TIK-3,652,11,100%,100%
TIK-3,653,10,100%,100%
TIK-3,654,10,100%,80%
TIK-3,655,11,100%,100%
TIK-3,656,11,100%,100%
TIK-3,657,11,100%,73%
TIK-3,658,11,100%,100%
TIK-3,659,11,100%,100%
TIK-3,660,11,100%,73%
TIK-3,661,10,100%,100%
TIK-3,662,9,100%,100%
TIK-3,663,11,100%,91%
TIK-3,664,10,100%,70%
TIK-3,666,11,100%,91%
TIK-3,667,11,100%,73%
TIK-3,668,10,100%,100%
TIK-3,669,10,100%,90%
TIK-3,670,10,100%,100%
TIK-3,671,10,100%,100%
TIK-3,672,10,100%,100%
TIK-3,673,10,100%,100%
TIK-3,674,9,100%,78%
TIK-3,675,10,100%,80%
TIK-3,676,10,100%,100%
TIK-3,677,10,100%,80%
TIK-3,679,10,100%,80%
TIK-3,680,10,100%,100%
TIK-3,681,10,100%,100%
TIK-3,682,10,100%,100%
TIK-3,683,10,100%,100%
TIK-3,684,9,100%,33%
TIK-3,685,11,100%,100%
TIK-3,686,11,100%,100%
TIK-3,687,11,100%,45%
TIK-3,688,11,100%,82%
TIK-3,689,12,100%,100%
TIK-3,690,11,100%,73%
TIK-3,691,10,100%,80%
TIK-3,693,11,100%,36%
TIK-3,694,11,100%,91%
TIK-3,695,11,100%,91%
TIK-3,696,10,100%,80%
TIK-3,697,10,100%,90%
TIK-3,698,10,100%,70%
TIK-3,699,33,100%,73%
TIK-3,700,25,100%,36%
TIK-3,701,25,100%,72%
TIK-3,702,21,100%,67%
TIK-3,703,18,100%,61%
TIK-3,704,21,100%,62%
TIK-3,705,19,100%,79%
TIK-3,706,19,100%,74%
TIK-3,707,19,100%,68%
TIK-3,708,21,100%,76%
TIK-3,709,28,100%,54%
TIK-3,710,19,100%,47%
TIK-3,711,22,100%,64%
TIK-3,712,30,100%,60%
TIK-3,713,36,100%,75%
TIK-3,714,26,100%,58%
TIK-3,715,26,100%,88%
TIK-3,717,25,100%,80%
TIK-3,718,25,100%,76%
TIK-3,719,45,100%,67%
TIK-3,720,29,100%,72%
TIK-3,722,28,100%,89%
TIK-3,723,52,100%,81%
TIK-3,725,25,100%,72%
TIK-3,727,25,100%,64%
TIK-3,728,9,100%,67%
TIK-3,729,11,100%,64%
TIK-3,730,9,100%,67%
TIK-3,731,10,100%,70%
TIK-3,732,9,100%,89%
TIK-3,733,11,100%,64%
TIK-3,734,9,100%,89%
TIK-3,735,9,100%,78%
TIK-3,736,11,100%,45%
TIK-3,738,56,100%,52%
TIK-3,739,24,100%,79%
TIK-3,740,27,100%,52%
TIK-3,741,24,100%,63%
TIK-3,742,27,100%,52%
TIK-3,743,26,100%,46%
TIK-3,744,13,100%,54%
TIK-3,745,5,100%,100%
TIK-3,746,5,100%,60%
TIK-3,747,6,100%,50%
TIK-3,750,5,100%,100%
TIK-3,751,9,100%,89%
TIK-3,752,4,100%,75%
TIK-3,753,38,100%,45%
TIK-3,755,27,100%,59%
TIK-3,756,25,100%,64%
TIK-3,2296,48,100%,83%
TIK-3,2298,14,100%,43%
TIK-3,2299,28,100%,57%
TIK-3,2300,12,100%,92%
TIK-3,2301,12,100%,83%
TIK-3,2297,53,98%,81%
TIK-3,716,24,96%,80%
TIK-3,726,24,96%,72%
TIK-3,592,875,84%,62%
TIK-3,724,41,84%,78%
TIK-3,721,24,83%,69%
TIK-3,737,47,77%,44%
TIK-3,604,1613,72%,54%
TIK-3,587,1212,70%,56%
TIK-3,605,945,70%,52%
TIK-3,616,1574,69%,52%
TIK-3,627,969,68%,51%
TIK-3,626,935,68%,55%
TIK-3,594,860,67%,48%
TIK-3,582,1006,66%,51%
TIK-3,625,1112,66%,49%
TIK-3,613,978,65%,49%
TIK-3,591,1210,65%,48%
TIK-3,596,977,64%,46%
TIK-3,615,859,64%,49%
TIK-3,609,824,64%,48%
TIK-3,600,708,64%,44%
TIK-3,628,1204,64%,49%
TIK-3,606,906,64%,45%
TIK-3,595,889,64%,44%
TIK-3,576,1077,63%,45%
TIK-3,599,822,63%,45%
TIK-3,584,1216,63%,48%
TIK-3,590,600,63%,47%
TIK-3,619,1492,62%,46%
TIK-3,607,915,62%,46%
TIK-3,603,1434,62%,46%
TIK-3,631,1240,62%,46%
TIK-3,610,973,61%,45%
TIK-3,598,1302,61%,44%
TIK-3,614,961,61%,45%
TIK-3,585,1097,61%,46%
TIK-3,630,1065,61%,43%
TIK-3,583,1172,61%,45%
TIK-3,597,1202,61%,46%
TIK-3,577,949,61%,46%
TIK-3,632,1406,60%,46%
TIK-3,593,1345,60%,43%
TIK-3,622,1173,60%,47%
TIK-3,581,1102,60%,43%
TIK-3,624,1048,59%,44%
TIK-3,601,847,59%,43%
TIK-3,611,1088,59%,44%
TIK-3,579,1082,59%,46%
TIK-3,629,1212,58%,45%
TIK-3,621,999,58%,42%
TIK-3,586,760,58%,42%
TIK-3,618,1211,58%,44%
TIK-3,608,909,58%,43%
TIK-3,620,1391,58%,41%
TIK-3,602,863,57%,43%
TIK-3,617,1429,57%,43%
TIK-3,588,1111,57%,39%
TIK-3,589,1045,56%,41%
TIK-3,612,970,56%,42%
TIK-3,578,849,56%,42%
TIK-3,580,1132,53%,39%
TIK-3,623,1130,52%,39%
TIK-30,2269,227,100%,74%
TIK-30,2271,283,100%,79%
TIK-30,2270,623,85%,58%
TIK-30,2243,1534,72%,52%
TIK-30,2265,1816,68%,47%
TIK-30,2263,1248,67%,49%
TIK-30,2234,1401,65%,48%
TIK-30,2251,978,65%,46%
TIK-30,2233,1082,64%,53%
TIK-30,2241,907,63%,43%
TIK-30,2249,1115,63%,44%
TIK-30,2235,923,62%,44%
TIK-30,2264,1322,61%,41%
TIK-30,2250,1173,61%,44%
TIK-30,2238,1387,61%,41%
TIK-30,2262,973,61%,43%
TIK-30,2244,997,60%,41%
TIK-30,2252,1002,60%,43%
TIK-30,2259,1186,59%,41%
TIK-30,2257,1023,59%,45%
TIK-30,2248,969,59%,41%
TIK-30,2245,868,58%,39%
TIK-30,2261,789,58%,41%
TIK-30,2246,850,58%,40%
TIK-30,2268,834,58%,41%
TIK-30,2240,1752,58%,41%
TIK-30,2266,836,57%,41%
TIK-30,2247,1032,57%,41%
TIK-30,2239,1369,57%,36%
TIK-30,2256,1035,56%,41%
TIK-30,2236,705,56%,38%
TIK-30,2242,530,55%,39%
TIK-30,2260,1202,55%,39%
TIK-30,2267,882,55%,40%
TIK-30,2255,723,54%,38%
TIK-30,2258,1120,54%,40%
TIK-30,2253,1093,53%,38%
TIK-30,2254,967,52%,33%
TIK-30,2237,1150,51%,36%
TIK-4,958,586,100%,81%
TIK-4,963,339,100%,67%
TIK-4,959,416,85%,53%
TIK-4,931,1457,83%,61%
TIK-4,932,1293,77%,58%
TIK-4,948,930,76%,55%
TIK-4,905,1798,76%,57%
TIK-4,925,1385,76%,54%
TIK-4,909,1221,75%,58%
TIK-4,919,1196,73%,54%
TIK-4,952,1229,73%,54%
TIK-4,917,1088,73%,53%
TIK-4,953,1152,72%,54%
TIK-4,951,1142,72%,53%
TIK-4,954,1363,71%,53%
TIK-4,961,1559,71%,53%
TIK-4,926,1222,71%,50%
TIK-4,913,1265,71%,54%
TIK-4,940,1427,71%,57%
TIK-4,942,872,71%,53%
TIK-4,906,1218,71%,51%
TIK-4,921,1348,70%,50%
TIK-4,949,938,70%,51%
TIK-4,937,1387,70%,52%
TIK-4,914,1103,70%,53%
TIK-4,943,1323,70%,50%
TIK-4,945,1484,70%,48%
TIK-4,911,1092,70%,54%
TIK-4,908,996,70%,55%
TIK-4,960,1358,69%,52%
TIK-4,936,1215,69%,53%
TIK-4,907,1273,69%,51%
TIK-4,935,1144,69%,54%
TIK-4,912,1044,69%,50%
TIK-4,946,961,69%,47%
TIK-4,903,1478,69%,53%
TIK-4,947,961,68%,46%
TIK-4,934,1116,68%,50%
TIK-4,933,1231,67%,53%
TIK-4,930,1062,67%,49%
TIK-4,915,1190,66%,50%
TIK-4,916,922,65%,50%
TIK-4,923,1284,65%,49%
TIK-4,918,1020,64%,49%
TIK-4,920,1091,64%,50%
TIK-4,941,1355,64%,45%
TIK-4,950,1310,63%,47%
TIK-4,957,1385,63%,48%
TIK-4,938,1018,62%,46%
TIK-4,956,1186,62%,47%
TIK-4,928,1045,62%,45%
TIK-4,902,1001,61%,51%
TIK-4,924,1056,61%,43%
TIK-4,955,909,60%,44%
TIK-4,904,1215,60%,46%
TIK-4,927,1063,60%,43%
TIK-4,929,1176,60%,43%
TIK-4,962,1540,60%,43%
TIK-4,939,1412,59%,45%
TIK-4,901,624,57%,45%
TIK-4,910,930,56%,43%
TIK-4,922,1213,56%,41%
TIK-4,944,1424,54%,37%
TIK-5,1538,1187,98%,70%
TIK-5,1537,1007,97%,80%
TIK-5,1508,604,93%,83%
TIK-5,1512,1914,73%,54%
TIK-5,1517,1727,70%,50%
TIK-5,1443,1420,70%,52%
TIK-5,1529,1700,69%,51%
TIK-5,1523,1455,67%,50%
TIK-5,1511,1440,67%,54%
TIK-5,1519,1676,66%,50%
TIK-5,1441,1548,66%,50%
TIK-5,1521,1148,66%,48%
TIK-5,1499,1536,66%,47%
TIK-5,1446,1299,66%,50%
TIK-5,1506,1295,65%,50%
TIK-5,1498,1324,65%,49%
TIK-5,1494,1391,65%,47%
TIK-5,1444,1182,65%,52%
TIK-5,1442,1510,65%,49%
TIK-5,1483,1086,65%,48%
TIK-5,1526,1609,64%,46%
TIK-5,1527,1449,64%,46%
TIK-5,1524,1338,64%,50%
TIK-5,1422,1140,64%,50%
TIK-5,1452,1147,64%,50%
TIK-5,1490,1407,64%,47%
TIK-5,1497,1415,64%,48%
TIK-5,1445,1173,63%,49%
TIK-5,1515,1210,63%,46%
TIK-5,1465,1280,63%,46%
TIK-5,1474,1273,63%,48%
TIK-5,1507,1167,63%,48%
TIK-5,1513,1468,63%,48%
TIK-5,1462,1156,63%,46%
TIK-5,1518,1529,63%,45%
TIK-5,1464,1140,63%,46%
TIK-5,1528,1342,63%,45%
TIK-5,1456,1434,62%,46%
TIK-5,1458,1363,62%,47%
TIK-5,1530,1588,62%,46%
TIK-5,1486,1207,62%,46%
TIK-5,1428,1549,62%,45%
TIK-5,1448,1297,62%,47%
TIK-5,1454,1232,62%,46%
TIK-5,1522,1338,62%,47%
TIK-5,1525,1528,62%,46%
TIK-5,1489,1223,62%,48%
TIK-5,1492,1408,62%,46%
TIK-5,1501,1234,62%,47%
TIK-5,1495,1249,62%,46%
TIK-5,1482,1101,61%,46%
TIK-5,1470,1466,61%,46%
TIK-5,1479,1563,61%,47%
TIK-5,1469,1412,61%,45%
TIK-5,1510,1383,61%,46%
TIK-5,1534,1204,61%,43%
TIK-5,1485,1054,61%,47%
TIK-5,1487,1304,61%,44%
TIK-5,1514,1157,61%,46%
TIK-5,1520,1369,61%,45%
TIK-5,1488,1325,61%,47%
TIK-5,1536,1079,60%,45%
TIK-5,1453,1282,60%,45%
TIK-5,1423,1057,60%,48%
TIK-5,1493,1194,60%,46%
TIK-5,1478,1487,60%,45%
TIK-5,1505,1296,60%,50%
TIK-5,1437,1397,60%,45%
TIK-5,1430,1258,60%,46%
TIK-5,1435,1167,60%,48%
TIK-5,1503,1122,60%,47%
TIK-5,1457,1350,60%,45%
TIK-5,1467,1179,60%,46%
TIK-5,1496,1390,60%,46%
TIK-5,1535,983,60%,43%
TIK-5,1468,1240,60%,46%
TIK-5,1472,1090,60%,44%
TIK-5,1461,1138,60%,46%
TIK-5,1460,1063,60%,48%
TIK-5,1471,1375,59%,46%
TIK-5,1473,1361,59%,44%
TIK-5,1531,1343,59%,43%
TIK-5,1533,1243,59%,43%
TIK-5,1480,1496,59%,42%
TIK-5,1436,1200,59%,44%
TIK-5,1500,1319,59%,44%
TIK-5,1509,1556,59%,46%
TIK-5,1450,1051,59%,46%
TIK-5,1463,1093,59%,45%
TIK-5,1438,1051,58%,46%
TIK-5,1476,1566,58%,43%
TIK-5,1502,1172,58%,46%
TIK-5,1439,1305,58%,44%
TIK-5,1484,920,58%,43%
TIK-5,1504,1269,57%,43%
TIK-5,1427,1038,57%,44%
TIK-5,1459,1394,57%,44%
TIK-5,1432,1210,57%,44%
TIK-5,1491,1083,57%,42%
TIK-5,1426,1055,56%,43%
TIK-5,1475,1235,56%,41%
TIK-5,1451,1067,56%,43%
TIK-5,1429,1224,56%,43%
TIK-5,1434,1073,56%,43%
TIK-5,1455,1342,56%,41%
TIK-5,1425,987,55%,42%
TIK-5,1433,1133,55%,43%
TIK-5,1532,1437,55%,38%
TIK-5,1481,1279,54%,42%
TIK-5,1516,1181,54%,40%
TIK-5,1466,1242,54%,39%
TIK-5,1440,1012,53%,41%
TIK-5,1477,1861,53%,37%
TIK-5,1431,1054,53%,41%
TIK-5,1449,1131,53%,40%
TIK-5,1447,1146,52%,39%
TIK-5,1424,852,50%,40%
TIK-6,1088,1847,73%,57%
TIK-6,1133,830,65%,52%
TIK-6,1129,1564,65%,46%
TIK-6,1068,713,65%,50%
TIK-6,1067,1176,64%,50%
TIK-6,1065,1233,64%,49%
TIK-6,1120,1407,64%,50%
TIK-6,1090,1091,64%,49%
TIK-6,1074,1061,64%,49%
TIK-6,1137,1718,64%,46%
TIK-6,1098,1263,63%,49%
TIK-6,1076,1205,62%,47%
TIK-6,1108,1396,62%,48%
TIK-6,1059,1411,62%,48%
TIK-6,1077,1513,62%,47%
TIK-6,1124,1719,62%,45%
TIK-6,1138,1132,62%,45%
TIK-6,1092,1306,62%,48%
TIK-6,1104,1141,61%,48%
TIK-6,1064,1170,61%,46%
TIK-6,1073,1085,61%,45%
TIK-6,1072,1361,61%,47%
TIK-6,1069,1294,61%,47%
TIK-6,1066,1136,61%,47%
TIK-6,1091,1018,61%,48%
TIK-6,1105,1271,61%,47%
TIK-6,1102,1159,61%,48%
TIK-6,1106,1338,61%,46%
TIK-6,1060,1199,60%,46%
TIK-6,1062,1237,60%,47%
TIK-6,1121,1299,60%,46%
TIK-6,1130,1665,60%,46%
TIK-6,1087,1284,60%,45%
TIK-6,1109,1202,60%,45%
TIK-6,1115,1404,60%,47%
TIK-6,1094,1487,60%,46%
TIK-6,1079,1103,60%,47%
TIK-6,1136,1827,60%,42%
TIK-6,1114,1231,60%,47%
TIK-6,1101,1094,59%,44%
TIK-6,1118,1104,59%,45%
TIK-6,1071,1256,59%,42%
TIK-6,1099,1546,59%,46%
TIK-6,1113,1135,59%,44%
TIK-6,1107,1403,59%,45%
TIK-6,1117,1435,59%,46%
TIK-6,1075,1077,59%,44%
TIK-6,1081,1373,59%,45%
TIK-6,1078,1079,59%,45%
TIK-6,1082,1228,59%,44%
TIK-6,1080,1164,59%,44%
TIK-6,1119,1245,59%,44%
TIK-6,1111,1187,59%,45%
TIK-6,1100,1051,58%,44%
TIK-6,1086,1460,58%,44%
TIK-6,1122,1020,58%,47%
TIK-6,1095,1188,58%,45%
TIK-6,1131,1581,58%,43%
TIK-6,1070,977,58%,46%
TIK-6,1126,1122,58%,45%
TIK-6,1058,1129,58%,45%
TIK-6,1061,1097,58%,45%
TIK-6,1116,1340,58%,44%
TIK-6,1110,1339,57%,44%
TIK-6,1127,1256,57%,43%
TIK-6,1112,1697,57%,43%
TIK-6,1093,1389,56%,43%
TIK-6,1132,1817,56%,42%
TIK-6,1125,1012,56%,44%
TIK-6,1096,1096,56%,44%
TIK-6,1103,1284,56%,42%
TIK-6,1089,865,55%,44%
TIK-6,1097,990,53%,40%
TIK-6,1063,979,53%,41%
TIK-6,1128,1306,52%,39%
TIK-6,1123,1216,52%,40%
TIK-6,1135,1474,48%,36%
TIK-6,1134,1142,45%,35%
TIK-7,815,275,85%,66%
TIK-7,810,1709,70%,51%
TIK-7,809,1407,67%,50%
TIK-7,804,1365,67%,50%
TIK-7,801,1031,66%,50%
TIK-7,760,1184,66%,50%
TIK-7,641,1219,65%,47%
TIK-7,778,949,64%,48%
TIK-7,792,1187,63%,48%
TIK-7,802,1488,63%,47%
TIK-7,638,1417,63%,46%
TIK-7,768,1468,63%,46%
TIK-7,807,1336,63%,47%
TIK-7,797,1175,63%,47%
TIK-7,798,1175,62%,48%
TIK-7,813,1114,62%,47%
TIK-7,811,1595,62%,45%
TIK-7,800,1290,62%,45%
TIK-7,633,1655,62%,47%
TIK-7,787,1145,62%,44%
TIK-7,784,1074,61%,47%
TIK-7,766,1372,61%,45%
TIK-7,777,1096,61%,45%
TIK-7,635,1252,61%,45%
TIK-7,644,1166,61%,47%
TIK-7,796,1521,60%,45%
TIK-7,793,1277,60%,43%
TIK-7,779,893,60%,46%
TIK-7,781,1415,60%,46%
TIK-7,783,1293,60%,46%
TIK-7,758,1171,59%,44%
TIK-7,814,1304,59%,44%
TIK-7,794,999,59%,45%
TIK-7,771,692,59%,43%
TIK-7,776,1408,59%,43%
TIK-7,640,1457,59%,44%
TIK-7,774,1112,58%,44%
TIK-7,761,1230,58%,44%
TIK-7,788,1510,58%,42%
TIK-7,757,1306,58%,43%
TIK-7,806,1298,58%,45%
TIK-7,790,1350,57%,43%
TIK-7,637,1380,57%,42%
TIK-7,643,1552,57%,42%
TIK-7,791,1381,57%,43%
TIK-7,808,1147,57%,42%
TIK-7,786,736,57%,42%
TIK-7,767,1315,57%,43%
TIK-7,812,1223,57%,41%
TIK-7,799,1078,57%,42%
TIK-7,763,1253,57%,44%
TIK-7,772,1163,57%,42%
TIK-7,773,1173,56%,43%
TIK-7,765,1493,56%,43%
TIK-7,789,1242,56%,40%
TIK-7,785,1195,56%,42%
TIK-7,764,613,56%,42%
TIK-7,636,1175,55%,40%
TIK-7,775,1467,55%,41%
TIK-7,759,729,55%,42%
TIK-7,780,906,54%,42%
TIK-7,770,797,54%,41%
TIK-7,803,1349,54%,40%
TIK-7,805,938,54%,41%
TIK-7,769,1560,54%,41%
TIK-7,795,1305,54%,41%
TIK-7,639,1317,54%,43%
TIK-7,762,1408,54%,41%
TIK-7,634,1345,54%,41%
TIK-7,642,1410,53%,40%
TIK-7,782,699,47%,37%
TIK-8,1702,400,100%,76%
TIK-8,1681,294,99%,87%
TIK-8,1692,523,97%,79%
TIK-8,1723,618,80%,60%
TIK-8,1676,1383,79%,61%
TIK-8,1712,1423,74%,56%
TIK-8,1699,2520,72%,60%
TIK-8,1686,1862,72%,54%
TIK-8,1715,779,72%,57%
TIK-8,1684,1797,69%,55%
TIK-8,1685,2235,69%,52%
TIK-8,1719,960,68%,54%
TIK-8,1691,1423,67%,53%
TIK-8,1693,1763,66%,52%
TIK-8,1687,1297,66%,53%
TIK-8,1713,1221,66%,52%
TIK-8,1698,1382,66%,51%
TIK-8,1688,1230,65%,50%
TIK-8,1700,2107,65%,50%
TIK-8,1720,946,65%,52%
TIK-8,1679,1063,65%,50%
TIK-8,1695,1684,64%,49%
TIK-8,1718,1598,64%,51%
TIK-8,1680,1259,64%,51%
TIK-8,1678,342,64%,49%
TIK-8,1674,734,64%,44%
TIK-8,1689,1589,64%,49%
TIK-8,1690,1387,64%,50%
TIK-8,1682,1851,63%,49%
TIK-8,1696,1539,63%,48%
TIK-8,1709,862,62%,47%
TIK-8,1697,1282,62%,46%
TIK-8,1708,1889,62%,48%
TIK-8,1714,1027,62%,48%
TIK-8,1711,940,62%,49%
TIK-8,1716,937,62%,47%
TIK-8,1717,840,61%,46%
TIK-8,1721,865,61%,49%
TIK-8,1722,985,61%,49%
TIK-8,1683,1390,60%,46%
TIK-8,1694,1411,60%,46%
TIK-8,1706,1500,60%,45%
TIK-8,1675,576,60%,45%
TIK-8,1707,430,60%,48%
TIK-8,1710,718,59%,48%
TIK-8,1677,899,59%,47%
TIK-8,1701,1226,58%,34%
TIK-9,1798,1551,87%,68%
TIK-9,1820,1004,77%,58%
TIK-9,1797,1225,76%,56%
TIK-9,1808,1627,74%,57%
TIK-9,1840,1511,73%,56%
TIK-9,1830,722,73%,58%
TIK-9,1806,1229,73%,51%
TIK-9,1807,1688,73%,54%
TIK-9,1800,1334,73%,50%
TIK-9,1818,926,72%,54%
TIK-9,1834,1095,72%,55%
TIK-9,1831,1312,70%,53%
TIK-9,1809,951,70%,48%
TIK-9,1805,1419,69%,51%
TIK-9,1799,1071,68%,56%
TIK-9,1844,1401,68%,52%
TIK-9,1827,1456,68%,50%
TIK-9,1828,1387,68%,52%
TIK-9,1794,1444,68%,54%
TIK-9,1793,1213,67%,49%
TIK-9,1823,1328,67%,50%
TIK-9,1822,1262,66%,50%
TIK-9,1801,1252,66%,44%
TIK-9,1803,1542,66%,47%
TIK-9,1832,1289,66%,51%
TIK-9,1819,1366,66%,50%
TIK-9,1813,1486,66%,50%
TIK-9,1841,1201,66%,50%
TIK-9,1796,843,65%,48%
TIK-9,1829,819,64%,47%
TIK-9,1833,917,64%,49%
TIK-9,1810,1506,64%,44%
TIK-9,1802,1394,63%,48%
TIK-9,1835,1332,63%,48%
TIK-9,1839,1468,63%,50%
TIK-9,1815,1022,63%,42%
TIK-9,1843,1253,62%,43%
TIK-9,1824,1242,62%,47%
TIK-9,1816,1081,62%,47%
TIK-9,1842,891,61%,46%
TIK-9,1817,1157,61%,44%
TIK-9,1837,1275,61%,46%
TIK-9,1812,1457,61%,45%
TIK-9,1795,956,60%,47%
TIK-9,1804,1279,60%,43%
TIK-9,1814,1109,60%,44%
TIK-9,1838,1515,59%,44%
TIK-9,1836,1304,59%,44%
TIK-9,1825,1242,58%,44%
TIK-9,1826,1020,56%,42%
TIK-9,1821,1391,55%,41%
